{
  "data": {
    "reports": [
      {
        "report_number": 1,
        "embedding": {
          "from_text_hash": "2c8b97b95507aa6b23a29e6c80e69cac1de41e11",
          "vector": [
            -0.09760236740112305, 0.018021853640675545, 0.10105229914188385, 0.09371653199195862,
            -0.10924399644136429, -0.03652585297822952, -0.037053391337394714
          ]
        }
      },
      {
        "report_number": 2,
        "embedding": {
          "from_text_hash": "2c8b97b95507aa6b23a29e6c80e69cac1de41e11",
          "vector": [
            -0.09760236740112305, 0.018021853640675545, 0.10105229914188385, 0.09371653199195862,
            -0.10924399644136429, -0.03652585297822952, -0.037053391337394714
          ]
        }
      }
    ]
  }
}
